DPD,GENEROWANY,ADRES
13439300055352,,London test street 00-00 UK
13439300055369,,London test street 00-00 UK
13439300055644,,London test street 00-00 UK
13439300061284,,London test street 00-00 UK
13439300061405,,London test street 00-00 UK
13439300061293,,London test street 00-00 UK
13439300065880,,London test street 00-00 UK
13439300066102,,London test street 00-00 UK
13439300067023,,London test street 00-00 UK
13439300067486,,London test street 00-00 UK
13439300067559,,London test street 00-00 UK
13439300067641,,London test street 00-00 UK
13439300067924,,London test street 00-00 UK
13439300068354,,London test street 00-00 UK
13439300068351,,London test street 00-00 UK
13439300068695,,London test street 00-00 UK
