13439300057034,,London test street 00-00 UK
13439300057433,,London test street 00-00 UK
13439300058098,,London test street 00-00 UK
13439300063643,,London test street 00-00 UK
13439300063847,,London test street 00-00 UK
13439300064619,,London test street 00-00 UK
13439300065796,,London test street 00-00 UK
13439300068801,,London test street 00-00 UK
13439300068806,,London test street 00-00 UK
13439300066688,,London test street 00-00 UK
13439300066687,,London test street 00-00 UK
13439300067364,,London test street 00-00 UK
13439300069907,,London test street 00-00 UK
13439300070324,,London test street 00-00 UK
13439300070306,,London test street 00-00 UK
13439300070305,,London test street 00-00 UK
13439300070323,,London test street 00-00 UK
13439300070303,,London test street 00-00 UK
13439300070646,,London test street 00-00 UK
13439300070911,,London test street 00-00 UK
13439300071302,,London test street 00-00 UK
13439300071301,,London test street 00-00 UK
13439300071439,,London test street 00-00 UK
13439300071438,,London test street 00-00 UK
13439300071569,,London test street 00-00 UK
13439300071567,,London test street 00-00 UK
